Name;CC;GDPpc;Gini;WHR;annotation
Afganistan;AFG; 2087.6 ;;2.52;
Albania;ALB; 13817.8 ;33.2;5.12;
Algeria;DZA; 11268.3 ;27.6;4.89;
Angola;AGO; 6538.5 ;51.3;;
Argentina;ARG; 20767.6 ;42.9;5.93;1
Armenia;ARM; 13284.2 ;29.9;5.28;
Australia;AUS; 52518.3 ;34.4;7.18;
Austria;AUT; 55097.5 ;30.8;7.27;
Azerbaijan;AZE; 14452.0 ;26.6;5.17;
Bangladesh;BGD; 5082.7 ;32.4;5.03;
Belarus;BLR; 20199.7 ;25.3;5.53;
Belgium;BEL; 51968.2 ;27.2;6.83;
Belize;BLZ; 6456.0 ;53.3;;
Benin;BEN; 3505.6 ;47.8;5.05;
Bhutan;BTN; 11508.2 ;37.4;;
Bolivia;BOL; 8367.3 ;41.6;5.72;
Bosnia and Herzegovina;BIH; 15611.8 ;33;5.81;
Botswana;BWA; 16920.8 ;53.3;3.47;1
Brazil;BRA; 14836.3 ;53.4;6.33;
Bulgaria;BGR; 24367.3 ;41.3;5.27;
Burkina Faso;BFA; 2279.2 ;35.3;4.83;
Burundi;BDI; 771.2 ;38.6;3.78;
Cabo Verde;CPV; 6377.0 ;42.4;;
Cameroon;CMR; 3772.7 ;46.6;5.14;
Canada;CAN; 48072.6 ;33.3;7.1;
Central African Republic;CAF; 979.6 ;56.2;3.48;
Chad;TCD; 1603.4 ;43.3;4.36;
Chile;CHL; 25067.7 ;44.4;6.17;
China;CHN; 17312.0 ;38.5;5.34;
Colombia;COL; 14565.4 ;51.3;6.01;
Comoros;COM; 3313.2 ;45.3;4.26;
Congo. Dem Rep;COD; 1131.1 ;42.1;5.34;
Congo. Rep;COG; 3638.6 ;48.9;5.19;
Costa Rica;CRI; 21031.8 ;48.2;7.07;1
Cote d'Ivoire;CIV; 5458.2 ;41.5;5.31;
Croatia;HRV; 28503.9 ;29.7;5.88;
Cyprus;CYP; 38458.2 ;32.7;5.88;
Czech Republic;CZE; 41737.4 ;25;6.97;
Denmark;DNK; 60398.5 ;28.2;7.62;
Djibouti;DJI; 5782.1 ;41.6;;
Dominican Republic;DOM; 17936.7 ;41.9;5.55;
Ecuador;ECU; 10896.4 ;45.7;5.76;
Egypt. Arab Rep;EGY; 12607.8 ;31.5;4.28;
El Salvador;SLV; 8499.0 ;38.8;;
Estonia;EST; 38394.9 ;30.3;6.19;
Eswatini;SWZ; 8853.6 ;54.6;;
Ethiopia;ETH; 2423.0 ;35;4.28;
Fiji;FJI; 11601.4 ;36.7;;
Finlandia;FIN; 51089.8 ;27.3;7.84;1
France;FRA; 46227.0 ;32.4;6.69;
Gabon;GAB; 15190.6 ;38;4.85;
Gambia. The;GMB; 2278.0 ;35.9;5.05;
Georgia;GEO; 14863.0 ;35.9;4.89;
Germany;DEU; 53694.4 ;31.9;7.16;
Ghana;GHA; 5596.3 ;43.5;5.09;
Greece;GRC; 28463.8 ;32.9;5.72;
Guatemala;GTM; 8854.2 ;48.3;6.44;
Guinea;GIN; 2817.5 ;33.7;4.98;
Guinea-Bissau;GNB; 1948.9 ;50.7;;
Guyana;GUY; 19705.8 ;45.1;;
Haiti;HTI; 2925.4 ;41.1;3.62;
Honduras;HND; 5420.6 ;48.2;5.92;
Hungary;HUN; 33084.1 ;29.6;5.99;
Iceland;ISL; 55216.0 ;26.1;7.55;
India;IND; 6454.3 ;35.7;3.82;
Indonesia;IDN; 12073.5 ;38.2;5.35;
Iran. Islamic Rep;IRN; 13116.1 ;42;4.72;
Iraq;IRQ; 9763.5 ;29.5;4.85;
Ireland;IRL; 93612.2 ;31.4;7.09;
Israel;ISR; 41854.9 ;39;7.16;
Italy;ITA; 41840.0 ;35.9;6.48;
Jamaica;JAM; 9221.6 ;45.5;6.31;1
Japan;JPN; 42197.3 ;32.9;5.94;
Jordan;JOR; 10355.6 ;33.7;4.4;
Kazakhstan;KAZ; 26728.5 ;27.8;6.15;
Kenya;KEN; 4452.2 ;40.8;4.61;
Kiribati;KIR; 2417.8 ;37;;
Corea del Sur;KOR; 43124.3 ;31.4;5.85;1
Kosovo;XKX; 11367.9 ;29;;
Kyrgyz Republic;KGZ; 4965.0 ;29.7;5.74;
Lao PDR;LAO; 8234.5 ;38.8;5.03;
Latvia;LVA; 32019.2 ;35.1;6.03;
Lebanon;LBN; 12288.8 ;31.8;4.58;
Lesotho;LSO; 2405.1 ;44.9;3.51;
Liberia;LBR; 1428.2 ;35.3;4.63;
Lithuania;LTU; 38734.7 ;35.7;6.26;
Luxemburgo;LUX; 118359.5 ;35.4;7.32;1
Madagascar;MDG; 1593.1 ;42.6;4.21;
Malawi;MWI; 1568.4 ;44.7;3.6;1
Malaysia;MYS; 27886.9 ;41.1;5.38;
Maldives;MDV; 13765.6 ;31.3;5.2;
Mali;MLI; 2338.5 ;33;4.72;
Malta;MLT; 42640.1 ;28.7;6.6;
Mauritania;MRT; 5256.9 ;32.6;4.23;
Mauritius;MUS; 20538.7 ;36.8;6.05;
Mexico;MEX; 18833.1 ;45.4;6.32;
Micronesia. Fed Sts;FSM; 3613.0 ;40.1;;
Moldova;MDA; 13001.6 ;25.7;;
Mongolia;MNG; 12100.6 ;32.7;5.68;
Montenegro;MNE; 20566.6 ;38.5;5.58;
Morocco;MAR; 7296.2 ;39.5;4.92;
Mozambique;MOZ; 1296.6 ;54;4.79;
Myanmar;MMR; 4793.6 ;30.7;4.43;
Namibia;NAM; 9382.2 ;59.1;4.57;
Nauru;NRU; 14099.5 ;34.8;;
Nepal;NPL; 4008.7 ;32.8;5.27;
Netherlands;NLD; 59228.8 ;28.1;7.46;
Nicaragua;NIC; 5570.1 ;46.2;5.97;
Niger;NER; 1262.6 ;34.3;5.07;1
Nigeria;NGA; 5186.7 ;35.1;4.76;
North Macedonia;MKD; 16926.6 ;33;;
Noruega;NOR; 63198.0 ;27.6;7.39;1
Pakistan;PAK; 4876.6 ;31.6;4.93;
Panama;PAN; 26775.7 ;49.8;6.18;
Papua New Guinea;PNG; 4326.4 ;41.9;;
Paraguay;PRY; 13012.9 ;45.7;5.65;
Peru;PER; 11879.2 ;41.5;5.84;
Philippines;PHL; 8390.4 ;42.3;5.88;
Poland;POL; 34264.8 ;30.2;6.17;
Portugal;PRT; 34495.9 ;33.5;5.93;
Romania;ROU; 31945.7 ;35.8;6.14;
Russian Federation;RUS; 28213.4 ;37.5;5.48;
Rwanda;RWA; 2214.0 ;43.7;3.42;
Samoa;WSM; 6777.8 ;38.7;;
Sao Tome and Principe;STP; 4274.1 ;56.3;;
Senegal;SEN; 3481.3 ;40.3;5.13;
Serbia;SRB; 19230.6 ;36.2;6.08;
Seychelles;SYC; 25699.7 ;32.1;;
Sierra Leone;SLE; 1738.6 ;35.7;3.85;
Slovak Republic;SVK; 31832.4 ;25;6.33;
Slovenia;SVN; 39593.3 ;24.6;6.46;
Solomon Islands;SLB; 2619.2 ;37.1;;
South Africa;ZAF; 12095.9 ;63;4.96;
South Sudan;SSD; 1234.7 ;44.1;;
Spain;ESP; 38334.6 ;34.7;6.49;
Sri Lanka;LKA; 13225.4 ;39.3;4.33;
St Lucia;LCA; 12943.8 ;51.2;;
Sudan;SDN; 4243.8 ;34.2;;
Suriname;SUR; 17016.0 ;57.9;;
Sweden;SWE; 54563.1 ;30;7.36;
Switzerland;CHE; 71352.4 ;33.1;7.57;
Tajikistan;TJK; 3858.4 ;34;5.47;
Tanzania;TZA; 2780.1 ;40.5;3.62;
Thailand;THA; 18236.2 ;34.9;5.99;
Timor-Leste;TLS; 3355.8 ;28.7;;
Togo;TGO; 2223.6 ;43.1;4.11;
Tonga;TON; 6647.9 ;37.6;;
Trinidad and Tobago;TTO; 25031.2 ;40.3;6.19;
Tunisia;TUN; 10261.7 ;32.8;4.6;
Turquia;TUR; 28119.5 ;41.9;4.95;
Turkmenistan;TKM; 16195.5 ;40.8;5.07;
Tuvalu;TUV; 4653.2 ;39.1;;
Uganda;UGA; 2297.2 ;42.8;4.64;
Ukraine;UKR; 13056.7 ;26.6;4.88;
Emiratos √Årabes Unidos;ARE; 69957.6 ;26;6.56;1
United Kingdom;GBR; 44916.2 ;35.1;7.06;
Estados Unidos;USA; 63543.6 ;41.4;6.95;1
Uruguay;URY; 22795.1 ;39.7;6.43;
Uzbekistan;UZB; 7378.3 ;35.3;6.18;
Vanuatu;VUT; 2914.5 ;37.6;;
Venezuela. RB;VEN; 17527.7 ;44.8;4.89;
Vietnam;VNM; 8650.7 ;35.7;5.41;
West Bank and Gaza;PSE; 5690.3 ;33.7;;
Yemen. Rep;YEM; 3688.5 ;36.7;3.66;
Zambia;ZMB; 3449.6 ;57.1;4.07;
Zimbabue;ZWE; 2895.4 ;50.3;3.15;1
